{"cameraMode":{"drawMode":0,"name":"Shaded","section":"Shading Mode"},"sceneLighting":true,"audioPlay":false,"sceneViewState":{"m_AlwaysRefresh":false,"showFog":true,"showSkybox":true,"showFlares":true,"showImageEffects":true,"showParticleSystems":true,"showVisualEffectGraphs":true,"m_FxEnabled":true},"in2DMode":false,"pivot":{"x":0.25283336639404299,"y":1.5465593338012696,"z":7.049343109130859},"rotation":{"x":0.3827545642852783,"y":-0.047881174832582477,"z":0.019910451024770738,"w":0.9224645495414734},"size":32.66519546508789,"orthographic":false}